/compress /pages/compress.html 200
/convert /pages/convert.html 200
/settings /pages/settings.html 200
/privacy /pages/privacy.html 200
/admin /pages/admin.html 200
/share /pages/share.html 200
